<?xml version="1.0" encoding="UTF-8"?>
<beans xmlns="http://www.springframework.org/schema/beans" xmlns:context="http://www.springframework.org/schema/context" xmlns:xsi="http://www.w3.org/2001/XMLSchema-instance" xsi:schemaLocation=" http://www.springframework.org/schema/beans  http://www.springframework.org/schema/beans/spring-beans-3.0.xsd http://www.springframework.org/schema/context  http://www.springframework.org/schema/context/spring-context-3.0.xsd">
    <context:component-scan base-package="log.springmvc" />
    <context:annotation-config />
    
    <bean id="AccountDaoimpl" class="log.springmvc.dao.AccountDaoimpl" />
    <bean id="Answered_questionDaoimpl" class="log.springmvc.dao.Answered_questionDaoimpl" />
    <bean id="CartDaoimpl" class="log.springmvc.dao.CartDaoimpl" />
    <bean id="CustomerDaoimpl" class="log.springmvc.dao.CustomerDaoimpl" />
    <bean id="EmployeeDaoimpl" class="log.springmvc.dao.EmployeeDaoimpl" />
    <bean id="OrdersDaoimpl" class="log.springmvc.dao.OrdersDaoimpl" />
    <bean id="Pending_QuestionDaoimpl" class="log.springmvc.dao.Pending_QuestionDaoimpl" />
    <bean id="ProductDaoimpl" class="log.springmvc.dao.ProductDaoimpl" />
    

    
    
    <bean id="jdbcTemplate" class="org.springframework.jdbc.core.JdbcTemplate">
        <property name="dataSource" ref="dataSource" />
    </bean>
    <bean id="dataSource" class="org.springframework.jdbc.datasource.DriverManagerDataSource">
        <property name="driverClassName" value="com.mysql.jdbc.Driver" />
        <property name="url" value="jdbc:mysql://localhost:3306/myprojdb" />
        <property name="username" value="B" />
        <property name="password" value="@Qwerty123" />
    </bean>
</beans>