<?xml version="1.0" encoding="UTF-8"?>
<beans:beans xmlns="http://www.springframework.org/schema/security"
	xmlns:beans="http://www.springframework.org/schema/beans" 
	xmlns:xsi="http://www.w3.org/2001/XMLSchema-instance"
	xsi:schemaLocation="http://www.springframework.org/schema/beans
	http://www.springframework.org/schema/beans/spring-beans-3.0.xsd
	http://www.springframework.org/schema/security
	http://www.springframework.org/schema/security/spring-security-3.0.3.xsd">

	<http auto-config="true"  use-expressions="true">
	    <intercept-url pattern="/log/register/**" access="permitAll" />
	    <intercept-url pattern="/register/**" access="permitAll" />
	    <intercept-url pattern="/register" access="permitAll" />
	    <intercept-url pattern="/log" access="permitAll" />
		<intercept-url pattern="/login" access="permitAll" />
		<intercept-url pattern="/logout" access="permitAll" />
		<intercept-url pattern="/accessdenied" access="permitAll" />
		<intercept-url pattern="/user/**" access="hasRole('ROLE_USER')"/>
		<intercept-url pattern="/admin/**" access="hasRole('ROLE_ADMIN')"/>
		<intercept-url pattern="/emp/**" access="hasRole('ROLE_EMP')"/>
		<intercept-url pattern="/**" access="permitAll" />
		<form-login login-page="/login" default-target-url="/dashboard" authentication-failure-url="/accessdenied" />
		<!-- /dashboard redirects to appropriate type of user dashboard -->
		<logout logout-success-url="/logout" />
	</http>


	
	<authentication-manager alias="authenticationManager">
    <authentication-provider>
        <jdbc-user-service data-source-ref="dataSource"
 
       users-by-username-query="
         select Username, Password, case Enabled when 1 then 'true' else 'false' end 'enabled' 
         from Accounts
         where username=?;"
 
 
      	authorities-by-username-query="
        SELECT Username, UserRole
        FROM Accounts
        where Username=?;"
 
        />
    </authentication-provider>
</authentication-manager>
</beans:beans>